"id","id_gantt","id_kategori_pekerjaan_gantt","h_awal","h_akhir","keterlambatan","kecepatan"
2412,46,2427,"1","2","",""
2413,46,2428,"3","4","",""
2414,46,2429,"5","7","",""
873,69,883,"1","48","",""
874,69,884,"2","10","",""
875,69,885,"6","12","",""
876,69,886,"8","22","",""
877,69,887,"20","48","",""
878,69,888,"15","48","",""
879,69,889,"35","47","",""
880,69,890,"18","40","",""
881,69,891,"30","47","",""
882,69,892,"40","47","",""
883,69,893,"30","35","",""
884,69,894,"38","48","",""
885,69,895,"28","48","",""
886,69,896,"28","48","",""
887,69,897,"30","48","",""
888,70,898,"1","48","",""
889,70,899,"1","48","",""
890,70,900,"1","48","",""
370,37,397,"1","2",,
371,37,398,"1","2",,
372,37,399,"3","3",,
373,37,400,"17","18",,
374,37,401,"2","10",,
375,37,402,"10","17",,
376,37,403,"16","20",,
377,37,404,"18","20",,
378,39,405,"1","10",,
379,39,406,"5","20",,
380,39,407,"15","20",,
1791,87,1789,"1","2","",""
1792,87,1790,"2","8","",""
1793,87,1791,"8","9","",""
1794,87,1792,"10","15","",""
1795,87,1793,"14","23","",""
1796,87,1794,"19","22","",""
1797,87,1795,"20","25","",""
1798,87,1796,"18","24","",""
1799,87,1797,"24","25","",""
1800,87,1798,"14","22","",""
1801,87,1799,"18","30","",""
255,27,251,"2","2",,
256,27,252,"3","4",,
257,27,253,"5","5",,
258,27,254,"7","7",,
259,27,255,"9","10",,
1802,87,1800,"26","30","",""
2415,46,2430,"8","11","",""
2416,46,2431,"11","14","",""
2417,46,2431,"24","26","",""
2418,46,2432,"15","17","",""
2419,46,2433,"21","23","",""
270,28,266,"1","3",,
271,28,267,"3","5",,
272,28,268,"6","9",,
273,28,269,"8","12",,
274,28,270,"7","12",,
275,28,271,"12","13",,
276,28,272,"12","13",,
277,28,273,"10","13",,
278,28,274,"11","13",,
279,28,275,"12","11",,
407,40,434,"1","45",,
408,40,435,"6","12",,
409,40,436,"8","20",,
410,40,437,"20","45",,
411,40,438,"14","45",,
290,29,286,"1","3",,
291,29,287,"2","4",,
292,29,288,"4","6",,
293,29,289,"7","11",,
294,29,290,"8","12",,
295,29,291,"7","7",,
296,29,292,"6","12",,
297,29,293,"11","13",,
298,29,294,"12","14",,
299,29,295,"13","11",,
2420,46,2434,"7","9","",""
301,31,312,"10","16",,
302,31,313,"15","20",,
303,31,314,"18","20",,
412,40,439,"28","40",,
413,40,440,"30","43",,
414,40,441,"23","45",,
415,40,442,"30","43",,
416,40,443,"35","45",,
417,40,444,"25","31",,
418,40,445,"38","45",,
419,40,446,"2","11",,
313,33,324,"13","16",,
314,33,325,"17","19",,
315,33,326,"18","21",,
318,34,329,"34","37",,
319,34,330,"36","39",,
1304,98,1298,"29","34","",""
1305,98,1299,"29","34","",""
1306,98,1300,"35","37","",""
1334,100,1324,"1","3","",""
1335,100,1325,"2","5","",""
1336,100,1326,"4","5","",""
1337,100,1327,"6","20","",""
1338,100,1328,"10","30","",""
1339,100,1329,"12","30","",""
1340,100,1330,"9","25","",""
1341,100,1331,"12","29","",""
1342,100,1332,"10","30","",""
1343,100,1333,"16","30","",""
1344,100,1334,"20","30","",""
1345,100,1335,"15","25","",""
1346,100,1336,"19","30","",""
2421,46,2434,"18","21","",""
2422,46,2435,"22","23","",""
361,32,388,"1","1",,
362,32,389,"2","4",,
363,32,390,"5","7",,
364,32,391,"8","11",,
365,32,392,"12","15",,
366,32,393,"15","14",,
367,32,394,"16","18",,
368,32,395,"17","19",,
369,32,396,"20","20",,
435,41,462,"1","3",,
436,41,463,"3","6",,
437,41,464,"5","8",,
438,41,465,"8","15",,
439,41,466,"13","23",,
440,41,467,"30","35",,
441,41,468,"25","28",,
442,41,469,"25","30",,
443,41,470,"35","37",,
444,41,471,"25","32",,
445,41,472,"37","38",,
446,41,473,"35","39",,
447,41,474,"35","39",,
448,41,475,"35","38",,
449,41,476,"25","35",,
2423,46,2436,"24","25","",""
2424,46,2437,"18","21","",""
2425,46,2438,"21","23","",""
2426,46,2439,"25","29","",""
2427,46,2440,"30","35","",""
482,44,509,"12","16",,
483,44,510,"15","19",,
484,44,511,"18","20",,
485,36,512,"26","31",,
486,36,513,"31","35",,
487,36,514,"33","35",,
488,36,515,"1","3",,
489,36,515,"32","35",,
1347,100,1337,"23","30","",""
1415,50,1412,"1","12","",""
1416,50,1413,"10","18","",""
1417,50,1414,"16","25","",""
1433,109,1430,"15","30","",""
490,36,516,"3","6",,
491,36,517,"3","6",,
492,36,518,"6","12",,
493,36,519,"12","17",,
494,36,520,"17","20",,
495,36,521,"20","25",,
496,36,522,"21","23",,
497,36,523,"24","27",,
498,36,524,"24","27",,
499,36,525,"27","32",,
500,36,526,"32","33",,
501,36,527,"33","35",,
502,36,528,"30","35",,
1803,68,1801,"25","45","",""
1804,68,1802,"30","45","",""
558,47,581,"12","30",,
559,47,582,"15","30",,
560,47,583,"16","30",,
561,48,584,"1","2",,
562,48,584,"7","7",,
563,48,584,"13","14",,
564,48,585,"1","3",,
565,48,585,"5","6",,
566,48,585,"9","9",,
567,48,586,"3","10",,
568,48,587,"8","9",,
569,48,588,"7","13",,
570,48,589,"8","11",,
571,48,590,"6","8",,
572,48,590,"11","13",,
573,49,591,"7","8",,
1307,79,1301,"2","5","",""
1308,79,1301,"20","26","",""
1309,79,1302,"20","22","",""
1310,79,1302,"25","29","",""
1311,79,1303,"27","28","",""
1348,101,1338,"1","2","",""
1349,101,1339,"3","3","",""
1350,101,1340,"4","7","",""
1351,101,1341,"7","10","",""
1352,101,1342,"11","23","",""
1353,101,1343,"24","27","",""
1354,101,1344,"27","30","",""
1355,101,1345,"16","18","",""
1356,101,1345,"22","25","",""
1357,101,1346,"27","29","",""
1358,101,1347,"29","31","",""
1359,101,1348,"18","22","",""
1360,101,1349,"25","28","",""
574,49,592,"12","12",,
575,49,593,"8","9",,
576,49,593,"11","12",,
1805,68,1803,"42","45","",""
1841,134,1839,"21","24","",""
1842,134,1840,"24","28","",""
1843,134,1841,"28","30","",""
2431,171,2444,"1","2","",""
2432,171,2445,"1","3","",""
2433,171,2446,"4","8","",""
2434,171,2447,"8","9","",""
2435,171,2448,"9","11","",""
2436,171,2449,"10","13","",""
2437,171,2450,"7","9","",""
2438,171,2451,"7","5","",""
2499,167,2512,"1","3","",""
2500,167,2513,"2","4","",""
2501,167,2514,"3","8","",""
2502,167,2515,"7","14","",""
2503,167,2516,"13","20","",""
907,71,917,"1","2","",""
908,71,918,"2","5","",""
909,71,919,"4","9","",""
910,71,920,"9","9","",""
911,71,921,"10","14","",""
912,71,922,"14","17","",""
913,71,923,"16","18","",""
914,71,924,"18","20","",""
915,71,925,"17","21","",""
916,71,926,"18","19","",""
917,72,928,"1","5","",""
918,72,928,"13","16","",""
919,72,928,"25","29","",""
920,72,929,"1","6","",""
921,72,930,"20","21","",""
922,72,931,"5","30","",""
923,72,932,"5","23","",""
924,72,933,"10","20","",""
925,72,934,"10","15","",""
926,72,935,"5","9","",""
927,72,935,"15","20","",""
928,72,936,"20","30","",""
929,72,937,"28","30","",""
930,72,938,"25","30","",""
1361,101,1350,"29","33","",""
1362,101,1351,"31","34","",""
934,74,942,"1","3","",""
935,74,942,"15","16","",""
936,74,942,"27","30","",""
937,74,943,"2","6","",""
938,74,943,"8","9","",""
939,74,943,"17","20","",""
940,74,943,"24","25","",""
941,74,944,"3","4","",""
942,74,945,"4","14","",""
943,74,945,"18","19","",""
944,74,946,"8","16","",""
945,74,946,"20","25","",""
946,74,946,"27","28","",""
947,74,947,"12","18","",""
948,74,947,"23","28","",""
949,74,948,"16","22","",""
950,74,949,"20","25","",""
951,74,950,"7","8","",""
952,74,950,"15","20","",""
953,74,950,"27","28","",""
954,74,951,"16","20","",""
955,74,951,"24","26","",""
956,74,952,"24","27","",""
957,74,953,"20","24","",""
958,74,953,"27","28","",""
959,74,954,"28","29","",""
960,74,955,"6","9","",""
961,74,955,"13","17","",""
962,74,955,"20","23","",""
963,74,955,"25","30","",""
979,75,971,"1","2","",""
980,75,972,"1","2","",""
981,75,973,"1","3","",""
982,75,974,"1","5","",""
983,75,975,"4","8","",""
984,75,976,"8","8","",""
985,75,977,"8","11","",""
986,75,978,"8","11","",""
987,75,979,"8","11","",""
988,75,980,"8","11","",""
989,75,981,"8","13","",""
990,75,982,"9","12","",""
991,75,983,"13","16","",""
992,75,984,"14","17","",""
993,75,985,"15","20","",""
994,76,986,"19","24","",""
995,76,987,"25","30","",""
996,76,988,"28","30","",""
997,73,989,"23","31","",""
998,73,990,"31","35","",""
999,73,991,"31","35","",""
1000,77,992,"1","3","",""
1001,77,993,"4","6","",""
1002,77,994,"7","10","",""
1003,77,995,"11","13","",""
1004,77,996,"14","16","",""
1005,77,997,"17","19","",""
1006,77,998,"20","22","",""
1007,77,999,"23","24","",""
1008,77,1000,"26","28","",""
1009,77,1001,"29","30","",""
1010,77,1002,"31","32","",""
1011,77,1003,"33","34","",""
1012,77,1004,"35","36","",""
1013,77,1005,"37","38","",""
1014,77,1006,"39","40","",""
1015,78,1007,"1","1","",""
1016,78,1008,"2","3","",""
1017,78,1009,"3","3","",""
1018,78,1010,"4","5","",""
1019,78,1011,"6","7","",""
1020,78,1012,"7","10","",""
1021,78,1013,"10","11","",""
1022,78,1014,"12","12","",""
1023,78,1015,"12","12","",""
1024,78,1016,"12","13","",""
1025,78,1017,"13","13","",""
2439,170,2452,"1","15","",""
2440,170,2453,"5","30","",""
2441,170,2454,"25","30","",""
2504,167,2517,"18","25","",""
2505,167,2518,"24","33","",""
1031,45,1021,"1","3","",""
1032,45,1021,"33","35","",""
1033,45,1022,"3","5","",""
1034,45,1023,"5","7","",""
1035,45,1024,"7","10","",""
1036,45,1025,"10","22","",""
1037,45,1026,"11","26","",""
1038,45,1027,"22","27","",""
1039,45,1028,"23","24","",""
1040,45,1029,"24","27","",""
1041,45,1030,"23","26","",""
1042,45,1031,"27","33","",""
1043,45,1032,"33","34","",""
1044,45,1033,"33","35","",""
1045,45,1034,"34","35","",""
1046,45,1035,"29","33","",""
1047,45,1036,"25","31","",""
1048,45,1037,"31","34","",""
1052,81,1041,"1","2","",""
1053,81,1042,"2","4","",""
1054,81,1043,"3","5","",""
1055,81,1044,"4","7","",""
1056,81,1045,"7","12","",""
1057,81,1046,"12","20","",""
1058,81,1047,"14","16","",""
1059,81,1048,"19","25","",""
1060,81,1049,"21","24","",""
1061,81,1050,"21","25","",""
1363,101,1352,"35","38","",""
1368,104,1366,"1","3","",""
1369,104,1367,"1","7","",""
1370,104,1368,"1","7","",""
1371,104,1369,"1","14","",""
1372,104,1370,"1","7","",""
1373,104,1371,"1","7","",""
1374,104,1372,"1","7","",""
1375,104,1373,"1","7","",""
1376,104,1374,"1","7","",""
1377,104,1375,"1","14","",""
1378,104,1376,"10","14","",""
1396,35,1393,"1","2","",""
1397,35,1394,"1","4","",""
1398,35,1395,"3","7","",""
1399,35,1396,"5","14","",""
1400,35,1397,"10","30","",""
1401,35,1398,"25","35","",""
1402,35,1399,"20","30","",""
1403,35,1400,"25","30","",""
1404,35,1401,"15","20","",""
1099,85,1087,"1","5","",""
1100,86,1104,"20","23","",""
1101,86,1105,"25","28","",""
1102,86,1106,"29","30","",""
2506,167,2519,"22","26","",""
2507,167,2520,"24","30","",""
2508,167,2521,"28","35","",""
2509,167,2522,"34","37","",""
2510,167,2523,"32","40","",""
2511,167,2524,"35","40","",""
2512,167,2525,"35","45","",""
2513,174,2526,"1","3","",""
2514,174,2527,"3","11","",""
2515,174,2528,"5","21","",""
2516,174,2529,"12","21","",""
2517,174,2530,"12","30","",""
1115,88,1121,"1","1","",""
1116,88,1122,"1","4","",""
1117,88,1123,"4","10","",""
1118,88,1124,"10","13","",""
1119,88,1125,"13","18","",""
1120,88,1126,"18","22","",""
1121,88,1127,"22","25","",""
1122,88,1128,"18","19","",""
1123,88,1129,"23","25","",""
1124,88,1130,"25","27","",""
1125,88,1131,"27","29","",""
1126,88,1132,"27","30","",""
1127,89,1134,"1","1","",""
1128,89,1135,"1","4","",""
1129,89,1136,"4","6","",""
1130,89,1137,"5","8","",""
1131,89,1138,"8","12","",""
1132,89,1139,"9","14","",""
1133,89,1140,"10","14","",""
1134,89,1141,"11","13","",""
1135,89,1142,"12","15","",""
1136,89,1143,"13","16","",""
1137,89,1144,"16","16","",""
1138,89,1145,"17","20","",""
1139,89,1146,"21","24","",""
1140,89,1147,"25","30","",""
1405,35,1402,"20","30","",""
1406,35,1403,"30","35","",""
2518,174,2531,"15","30","",""
2519,174,2532,"21","30","",""
2520,174,2533,"21","30","",""
2521,174,2534,"21","30","",""
2522,174,2535,"26","35","",""
2523,174,2536,"26","35","",""
2524,174,2537,"30","40","",""
2525,174,2538,"30","40","",""
2526,174,2539,"30","37","",""
1179,90,1178,"1","8","",""
1180,90,1179,"8","11","",""
1181,91,1180,"30","45","",""
1182,91,1181,"35","45","",""
1183,91,1182,"40","45","",""
1184,92,1183,"1","1","",""
1185,92,1184,"2","3","",""
1186,92,1185,"3","3","",""
1187,92,1186,"4","5","",""
1188,92,1187,"5","5","",""
1189,92,1188,"6","9","",""
1190,92,1189,"10","11","",""
1191,92,1190,"11","11","",""
1192,92,1191,"12","12","",""
1193,92,1192,"13","14","",""
1194,92,1193,"13","14","",""
1198,93,1197,"1","5","",""
1199,93,1198,"3","13","",""
1200,93,1199,"13","20","",""
1201,93,1200,"15","23","",""
1202,93,1201,"20","24","",""
1203,93,1202,"24","30","",""
1204,94,1203,"12","17","",""
1205,94,1204,"17","19","",""
1206,94,1205,"19","20","",""
1331,99,1321,"1","20","",""
1332,99,1322,"21","30","",""
1333,99,1323,"31","40","",""
1364,102,1353,"4","19","",""
1365,102,1354,"20","31","",""
1366,102,1355,"32","38","",""
1379,105,1377,"1","7","",""
1380,105,1378,"1","14","",""
1381,105,1379,"1","14","",""
1382,105,1380,"1","7","",""
1383,105,1381,"1","7","",""
1384,105,1382,"1","14","",""
1385,105,1383,"1","14","",""
1386,105,1384,"0","0","",""
1407,35,1404,"28","35","",""
1222,95,1221,"1","2","",""
1223,95,1222,"2","5","",""
1224,95,1223,"2","5","",""
1225,95,1224,"5","12","",""
1226,95,1225,"8","15","",""
1227,95,1226,"12","15","",""
1228,95,1227,"5","10","",""
1229,95,1228,"5","10","",""
1230,95,1229,"10","13","",""
1231,95,1230,"5","8","",""
1232,95,1231,"10","14","",""
1233,95,1232,"15","20","",""
1234,95,1233,"15","16","",""
1235,95,1234,"15","20","",""
1236,95,1235,"15","19","",""
2442,114,2455,"1","2","",""
2443,114,2456,"3","5","",""
2444,114,2457,"6","9","",""
1809,119,1807,"40","43","",""
1810,119,1808,"42","45","",""
1811,119,1809,"42","45","",""
1844,133,1842,"1","2","",""
1845,133,1843,"2","9","",""
1846,133,1844,"4","9","",""
1847,133,1845,"9","12","",""
1848,133,1846,"8","35","",""
1849,133,1847,"12","22","",""
1850,133,1848,"20","23","",""
1851,133,1849,"19","20","",""
1852,133,1850,"21","23","",""
1853,133,1851,"9","16","",""
1253,82,1252,"22","31","",""
1254,82,1253,"31","35","",""
1255,82,1254,"31","35","",""
1256,96,1255,"1","2","",""
1257,96,1255,"39","40","",""
1258,96,1256,"2","6","",""
1259,96,1257,"6","10","",""
1260,96,1258,"5","12","",""
1261,96,1259,"12","35","",""
1262,96,1260,"15","35","",""
1263,96,1261,"25","32","",""
1264,96,1262,"23","26","",""
1265,96,1263,"20","24","",""
1266,96,1264,"21","28","",""
1267,96,1265,"32","33","",""
1268,96,1266,"35","39","",""
1269,96,1267,"26","34","",""
1270,96,1268,"35","38","",""
1271,96,1269,"27","39","",""
1854,133,1852,"23","27","",""
1855,133,1853,"28","35","",""
1856,133,1854,"12","17","",""
1857,133,1855,"28","35","",""
1858,133,1856,"28","35","",""
1883,138,1882,"23","31","",""
1884,138,1883,"25","33","",""
1885,138,1884,"30","33","",""
2445,114,2458,"10","11","",""
2446,114,2459,"12","15","",""
2447,114,2460,"16","19","",""
2448,114,2461,"20","22","",""
2449,114,2462,"23","24","",""
1408,35,1405,"40","45","",""
1409,35,1406,"36","45","",""
1410,35,1407,"40","45","",""
1411,35,1408,"35","45","",""
2450,114,2463,"25","27","",""
2451,114,2464,"28","30","",""
1418,108,1415,"1","3","",""
1419,108,1416,"2","6","",""
1420,108,1417,"7","10","",""
1421,108,1418,"5","15","",""
1422,108,1419,"9","30","",""
1423,108,1420,"7","30","",""
1424,108,1421,"18","28","",""
1425,108,1422,"10","25","",""
1426,108,1423,"9","19","",""
1427,108,1424,"16","30","",""
1428,108,1425,"12","30","",""
1429,108,1426,"15","30","",""
1430,108,1427,"15","30","",""
1431,108,1428,"10","30","",""
1432,108,1429,"5","30","",""
1434,109,1431,"16","30","",""
1435,109,1432,"20","29","",""
1436,110,1433,"30","45","",""
1437,110,1434,"35","45","",""
1438,110,1435,"40","45","",""
2452,114,2465,"31","33","",""
2453,114,2466,"34","35","",""
2454,114,2467,"36","38","",""
2455,114,2468,"39","40","",""
2527,175,2540,"1","3","",""
2528,175,2541,"2","5","",""
2529,175,2542,"4","8","",""
2530,175,2543,"7","14","",""
2531,175,2544,"12","19","",""
2532,175,2545,"13","17","",""
2533,175,2546,"23","28","",""
2534,175,2547,"18","22","",""
2535,175,2548,"27","30","",""
2536,175,2549,"23","28","",""
2537,175,2550,"21","25","",""
2538,175,2551,"29","36","",""
1455,111,1452,"1","3","",""
1456,111,1453,"3","6","",""
1457,111,1454,"6","9","",""
1458,111,1455,"9","12","",""
1459,111,1456,"12","15","",""
1460,111,1457,"15","16","",""
1461,111,1458,"16","20","",""
1462,111,1459,"20","25","",""
1463,111,1460,"20","23","",""
1464,111,1461,"24","25","",""
2539,175,2552,"34","38","",""
1469,112,1468,"20","23","",""
1470,112,1468,"27","35","",""
1471,112,1469,"29","35","",""
1472,112,1470,"32","35","",""
2456,172,2469,"2","4","",""
1490,42,1488,"17","20","",""
1491,42,1489,"19","21","",""
1492,42,1490,"18","21","",""
1662,118,1661,"1","5","1",""
2457,172,2470,"9","10","",""
2458,172,2471,"10","10","",""
2540,175,2553,"35","40","",""
2541,175,2554,"37","40","",""
1506,43,1504,"1","3","",""
1507,43,1505,"4","5","",""
1508,43,1506,"6","9","",""
1509,43,1507,"9","15","",""
1510,43,1508,"8","12","",""
1511,43,1509,"17","20","",""
1512,43,1510,"17","19","",""
1513,43,1511,"13","17","",""
1514,43,1512,"19","20","",""
1515,43,1513,"17","20","",""
1516,43,1514,"16","20","",""
1517,43,1515,"17","20","",""
1518,43,1516,"15","18","",""
1533,115,1531,"1","15","",""
1534,115,1532,"13","24","",""
1535,115,1533,"23","30","",""
1549,117,1548,"12","20","",""
1550,117,1549,"21","37","",""
1551,117,1550,"37","40","",""
1590,84,1589,"1","4","",""
1591,84,1590,"2","5","",""
1592,84,1591,"3","9","",""
1593,84,1592,"5","11","",""
1594,84,1593,"7","16","",""
1595,84,1594,"10","19","",""
1596,84,1595,"13","19","",""
1597,84,1596,"15","21","",""
1598,84,1597,"15","20","",""
1599,84,1598,"17","23","",""
1600,84,1599,"20","26","",""
1601,84,1600,"23","29","",""
1602,84,1601,"26","35","",""
1603,84,1602,"26","35","",""
1604,84,1603,"26","35","",""
1605,84,1604,"26","35","",""
1606,120,1605,"1","5","",""
1607,120,1606,"2","7","",""
1608,120,1607,"4","14","",""
1609,120,1608,"5","20","",""
1610,120,1609,"7","27","",""
1611,120,1610,"27","40","",""
1612,120,1611,"25","35","",""
1613,120,1612,"20","25","",""
1614,120,1613,"25","30","",""
1615,120,1614,"30","35","",""
1616,120,1615,"25","32","",""
1617,120,1616,"38","45","",""
1618,120,1617,"38","45","",""
1619,120,1618,"40","45","",""
1620,120,1619,"35","40","",""
1621,120,1620,"35","45","",""
1622,121,1621,"1","1","",""
1623,121,1622,"1","2","",""
1624,121,1623,"2","4","",""
1625,121,1624,"5","8","",""
1626,121,1625,"9","11","",""
1627,121,1626,"12","15","",""
1628,122,1627,"10","12","",""
1629,122,1628,"12","13","",""
1630,122,1629,"13","15","",""
1663,118,1662,"3","6","",""
1664,118,1663,"7","14","",""
1665,118,1664,"12","17","",""
1666,118,1665,"15","25","",""
1667,118,1666,"16","30","",""
1668,118,1667,"35","40","",""
1669,118,1668,"36","42","",""
1670,118,1669,"40","43","",""
1671,118,1670,"38","40","",""
1672,118,1671,"25","35","",""
1673,118,1672,"40","43","",""
1674,118,1673,"40","45","",""
1675,118,1674,"35","40","",""
1676,118,1675,"40","45","",""
1677,118,1676,"40","44","",""
1678,124,1677,"1","45","",""
1679,124,1678,"1","45","",""
1680,124,1679,"1","45","",""
1681,125,1680,"19","27","",""
1682,125,1681,"20","29","",""
1683,125,1682,"20","29","",""
1684,126,1683,"1","3","",""
1685,126,1684,"2","10","",""
1686,126,1685,"4","20","",""
1687,126,1686,"6","26","",""
1688,126,1687,"13","28","",""
1689,126,1688,"19","35","",""
1690,126,1689,"20","28","",""
1691,126,1690,"27","31","",""
1692,126,1691,"20","35","",""
1693,126,1692,"34","38","",""
1694,126,1693,"34","39","",""
1695,126,1694,"33","39","",""
1696,126,1695,"31","40","",""
2459,158,2472,"9","16","",""
2460,158,2473,"9","16","",""
2461,158,2474,"9","16","",""
2542,83,2555,"1","5","",""
2543,83,2555,"30","35","",""
2544,83,2556,"3","17","",""
1712,128,1711,"1","6","",""
1713,128,1712,"1","24","",""
1714,128,1713,"1","6","",""
1715,128,1714,"1","18","",""
1716,128,1715,"19","24","",""
1717,128,1716,"13","29","",""
1718,128,1717,"19","24","",""
1719,128,1718,"19","24","",""
1720,128,1719,"19","30","",""
1721,128,1720,"25","30","",""
1722,128,1721,"13","30","",""
1723,128,1722,"25","30","",""
1724,128,1723,"7","30","",""
1725,128,1724,"7","30","",""
1726,128,1725,"7","30","",""
1727,129,1726,"1","10","",""
1728,129,1727,"10","20","",""
1729,129,1728,"20","25","",""
1730,107,1729,"11","15","",""
1731,107,1730,"16","19","",""
1732,97,1731,"1","30","",""
1733,97,1732,"1","7","",""
1734,97,1733,"5","10","",""
1735,97,1734,"7","14","",""
1736,97,1735,"10","15","",""
1737,97,1736,"15","29","",""
1738,97,1737,"17","24","",""
1739,97,1738,"20","22","",""
1740,97,1739,"20","25","",""
1741,97,1740,"20","30","",""
1742,97,1741,"25","30","",""
1743,97,1742,"24","30","",""
1744,97,1743,"23","26","",""
1745,106,1744,"1","2","",""
1746,106,1744,"19","21","",""
1747,106,1745,"3","6","",""
1748,106,1746,"7","8","",""
1749,106,1747,"9","9","",""
1750,106,1748,"10","14","",""
1751,106,1749,"15","16","",""
1752,106,1750,"17","20","",""
1753,106,1751,"21","21","",""
1754,130,1752,"25","36","",""
1755,130,1753,"28","37","",""
1756,130,1754,"28","40","",""
1812,132,1810,"1","3","",""
1813,132,1811,"2","6","",""
1814,132,1812,"3","10","",""
1815,132,1813,"10","17","",""
1816,132,1814,"12","19","",""
1817,132,1815,"15","25","",""
1818,132,1816,"17","19","",""
1819,132,1817,"18","22","",""
1820,132,1818,"20","23","",""
1821,132,1819,"25","30","",""
1822,132,1820,"29","32","",""
1823,132,1821,"30","35","",""
1824,132,1822,"33","37","",""
1825,132,1823,"36","40","",""
2545,83,2556,"20","32","",""
2546,83,2557,"16","30","",""
2547,83,2558,"20","25","",""
1774,131,1772,"15","20","",""
1775,131,1773,"20","25","",""
1776,131,1774,"25","30","",""
1777,131,1775,"1","30","",""
1778,131,1776,"1","7","",""
1779,131,1777,"3","5","",""
1780,131,1778,"4","8","",""
1781,131,1779,"7","15","",""
1782,131,1780,"10","15","",""
1783,131,1781,"10","23","",""
1784,131,1782,"18","20","",""
1785,131,1783,"18","20","",""
1786,131,1784,"15","20","",""
1787,131,1785,"15","22","",""
1788,131,1786,"25","28","",""
1789,131,1787,"28","30","",""
1790,131,1788,"20","25","",""
1862,135,1860,"29","35","",""
1863,135,1861,"29","35","",""
1864,135,1862,"29","35","",""
1886,139,1885,"1","2","",""
1887,139,1886,"2","4","",""
1888,139,1887,"3","5","",""
1889,139,1888,"3","6","",""
1890,139,1889,"6","10","",""
1891,139,1890,"11","12","",""
1892,139,1891,"11","13","",""
1893,139,1892,"12","13","",""
1894,139,1893,"13","14","",""
1895,139,1894,"14","15","",""
1896,139,1895,"11","30","",""
1897,139,1896,"5","8","",""
1898,139,1897,"9","14","",""
1899,139,1898,"14","20","",""
1900,139,1899,"20","30","",""
2548,83,2559,"21","27","",""
2549,83,2560,"28","31","",""
2550,83,2561,"22","34","",""
2551,83,2562,"18","25","",""
2552,83,2563,"22","34","",""
2553,83,2564,"1","10","",""
2554,83,2564,"15","25","",""
2555,83,2565,"2","10","",""
2556,83,2566,"2","15","",""
2557,83,2566,"25","30","",""
2558,83,2567,"3","23","",""
2559,83,2568,"20","26","",""
2560,83,2569,"16","23","",""
1937,38,1933,"1","2","",""
1938,38,1934,"2","3","",""
1939,38,1935,"3","4","",""
1940,38,1936,"4","5","",""
1941,38,1937,"6","7","",""
1942,38,1938,"7","8","",""
1943,38,1939,"8","9","",""
1944,38,1940,"9","10","",""
1945,38,1941,"1","2","",""
1946,38,1942,"2","3","",""
1947,38,1943,"3","4","",""
1948,38,1944,"4","5","",""
1949,38,1945,"5","6","",""
1950,38,1946,"6","7","",""
1964,116,1960,"12","28","",""
1965,116,1961,"30","44","",""
1966,116,1962,"1","4","",""
1967,116,1963,"2","4","",""
1968,116,1964,"4","9","",""
1969,116,1965,"8","14","",""
1970,116,1966,"18","29","",""
1971,116,1967,"16","20","",""
1972,116,1968,"12","19","",""
1973,116,1969,"21","29","",""
1974,116,1970,"18","27","",""
1975,116,1971,"38","41","",""
1976,116,1972,"35","45","",""
2030,144,2036,"1","3","",""
2031,144,2037,"2","5","",""
2032,144,2038,"2","7","",""
2033,144,2039,"5","15","",""
2034,144,2040,"10","40","",""
2035,144,2041,"25","35","",""
2036,144,2042,"30","42","",""
2037,144,2043,"35","45","",""
2038,144,2044,"38","45","",""
2039,144,2045,"39","45","",""
2040,144,2046,"25","35","",""
2041,144,2047,"35","45","",""
2042,144,2048,"25","35","",""
2043,144,2049,"30","35","",""
2044,145,2050,"18","25","",""
2045,145,2051,"25","30","",""
2046,146,2053,"1","3","",""
2047,146,2054,"3","6","",""
2048,146,2055,"6","9","",""
2049,146,2056,"9","12","",""
2050,146,2057,"12","15","",""
2051,146,2058,"13","16","",""
2052,146,2059,"16","19","",""
2053,146,2060,"19","21","",""
2054,146,2061,"15","25","",""
2055,146,2062,"20","25","",""
2056,146,2063,"22","24","",""
2057,146,2064,"23","27","",""
2058,146,2065,"25","27","",""
2059,146,2066,"29","30","",""
2060,147,2067,"1","1","",""
2061,147,2068,"1","3","",""
2062,147,2069,"3","6","",""
2063,147,2070,"6","11","",""
2064,147,2071,"11","15","",""
2065,147,2072,"15","20","",""
2066,147,2073,"20","22","",""
2067,147,2074,"22","25","",""
2068,147,2075,"18","22","",""
2069,147,2076,"20","26","",""
2070,147,2077,"26","30","",""
2071,148,2078,"1","2","",""
2072,148,2079,"2","4","",""
2073,148,2080,"4","10","",""
2074,148,2081,"10","15","",""
2075,148,2082,"15","20","",""
2076,148,2083,"20","23","",""
2078,150,2099,"35","50","",""
2079,150,2100,"40","50","",""
2080,150,2101,"45","50","",""
2084,142,2105,"20","22","",""
2085,142,2106,"22","23","",""
2086,142,2107,"23","23","",""
2087,151,2108,"38","42","",""
2088,151,2109,"43","47","",""
2089,151,2110,"1","7","",""
2090,151,2111,"2","15","",""
2091,151,2112,"3","16","",""
2092,151,2113,"5","25","",""
2093,151,2114,"5","45","",""
2094,151,2115,"30","45","",""
2095,151,2116,"20","45","",""
2096,151,2117,"22","45","",""
2097,151,2118,"25","35","",""
2098,151,2119,"30","37","",""
2099,151,2120,"35","46","",""
2100,151,2121,"35","47","",""
2101,151,2122,"8","47","",""
2102,151,2123,"12","48","",""
2103,151,2124,"15","47","",""
2104,152,2125,"38","42","",""
2105,152,2126,"43","47","",""
2106,153,2127,"1","2","",""
2107,153,2127,"29","30","",""
2108,153,2128,"3","7","",""
2109,153,2129,"8","10","",""
2110,153,2130,"12","14","",""
2111,153,2131,"15","17","",""
2112,153,2132,"18","20","",""
2113,153,2133,"22","27","",""
2114,153,2134,"28","29","",""
2115,153,2135,"25","29","",""
2116,154,2136,"1","10","",""
2117,154,2137,"4","20","",""
2118,154,2138,"20","30","",""
2133,156,2153,"14","16","",""
2134,156,2154,"15","18","",""
2135,156,2155,"17","20","",""
2136,157,2156,"20","23","",""
2137,157,2157,"24","27","",""
2138,157,2158,"28","29","",""
2154,143,2174,"1","2","",""
2158,159,2178,"1","1","",""
2159,159,2179,"1","3","",""
2160,159,2180,"3","5","",""
2161,159,2181,"5","11","",""
2162,159,2182,"11","15","",""
2163,159,2183,"15","20","",""
2164,159,2184,"19","21","",""
2165,159,2185,"21","25","",""
2166,159,2186,"25","27","",""
2167,159,2187,"27","29","",""
2168,159,2188,"29","31","",""
2169,159,2189,"31","34","",""
2170,159,2190,"34","35","",""
2171,159,2191,"35","37","",""
2172,159,2192,"37","38","",""
2173,141,2193,"1","4","",""
2174,141,2194,"2","9","",""
2175,141,2195,"2","10","",""
2176,141,2196,"5","14","",""
2177,141,2197,"7","24","",""
2178,141,2198,"12","23","",""
2179,141,2199,"20","27","",""
2180,141,2200,"14","25","",""
2181,141,2201,"20","26","",""
2182,141,2202,"25","31","",""
2183,141,2203,"14","20","",""
2184,141,2204,"23","30","",""
2185,141,2205,"20","35","",""
2186,141,2206,"20","26","",""
2187,141,2207,"28","34","",""
2188,141,2208,"21","29","",""
2189,160,2209,"1","2","",""
2190,160,2209,"20","20","",""
2191,160,2210,"3","6","",""
2192,160,2211,"7","9","",""
2193,160,2212,"10","11","",""
2194,160,2213,"12","13","",""
2195,160,2214,"14","14","",""
2196,160,2215,"16","17","",""
2197,160,2216,"18","20","",""
2198,160,2217,"18","19","",""
2199,160,2218,"19","20","",""
2200,161,2219,"14","16","",""
2201,161,2220,"17","19","",""
2202,161,2221,"20","21","",""
2203,149,2222,"1","2","",""
2204,162,2223,"25","27","",""
2205,162,2224,"28","29","",""
2206,162,2225,"29","29","",""
2207,163,2226,"1","2","",""
2208,163,2227,"2","5","",""
2209,163,2228,"5","7","",""
2210,163,2229,"6","9","",""
2211,163,2230,"7","10","",""
2212,163,2231,"10","12","",""
2213,163,2232,"11","13","",""
2214,163,2233,"14","14","",""
2215,163,2234,"14","20","",""
2216,163,2235,"14","16","",""
2217,163,2236,"13","17","",""
2218,163,2237,"17","19","",""
2219,164,2238,"1","3","",""
2220,164,2239,"2","5","",""
2221,164,2240,"4","10","",""
2222,164,2241,"6","15","",""
2223,164,2242,"10","30","",""
2224,164,2243,"15","40","",""
2225,164,2244,"10","30","",""
2226,164,2245,"25","45","",""
2227,164,2246,"15","20","",""
2228,164,2247,"20","24","",""
2229,164,2248,"40","50","",""
2230,164,2249,"43","50","",""
2231,164,2250,"40","50","",""
2232,164,2251,"30","50","",""
2233,164,2252,"47","50","",""
2234,165,2253,"1","3","",""
2235,165,2253,"13","14","",""
2236,165,2254,"3","5","",""
2237,165,2255,"3","10","",""
2238,165,2256,"11","13","",""
2239,165,2257,"10","14","",""
2240,123,2258,"1","5","",""
2241,123,2259,"2","9","",""
2242,123,2260,"3","8","",""
2243,123,2261,"18","35","",""
2244,123,2262,"7","11","",""
2245,123,2263,"10","33","",""
2246,123,2264,"14","25","",""
2247,123,2265,"17","21","",""
2248,123,2266,"19","29","",""
2249,123,2267,"29","33","",""
2250,123,2268,"15","23","",""
2251,123,2269,"34","38","",""
2252,123,2270,"34","40","",""
2253,123,2271,"37","37","",""
2254,123,2272,"30","40","",""
2258,166,2276,"1","3","",""
2259,166,2276,"13","14","",""
2260,166,2277,"3","10","",""
2261,166,2278,"5","13","",""
2262,166,2279,"7","10","",""
2275,136,2293,"1","3","",""
2276,136,2294,"2","6","",""
2277,136,2295,"4","5","",""
2278,136,2296,"7","12","",""
2279,136,2297,"10","15","",""
2280,136,2298,"12","24","",""
2281,136,2299,"14","19","",""
2282,136,2300,"20","27","",""
2283,136,2301,"23","25","",""
2284,136,2302,"14","18","",""
2285,136,2303,"24","27","",""
2286,136,2304,"23","30","",""
2287,136,2305,"17","23","",""
2288,136,2306,"24","27","",""
2289,136,2307,"21","28","",""
2290,137,2308,"14","19","",""
2291,137,2309,"17","25","",""
2292,137,2310,"26","29","",""
2293,80,2311,"10","20","",""
2294,80,2312,"20","30","",""
2295,80,2313,"30","39","",""
2296,127,2314,"1","7","",""
2297,127,2315,"2","7","",""
2298,127,2316,"2","12","",""
2299,127,2317,"3","14","",""
2300,127,2318,"6","26","",""
2301,127,2319,"9","23","",""
2302,127,2320,"13","23","",""
2303,127,2321,"15","25","",""
2304,127,2322,"20","25","",""
2305,127,2323,"21","27","",""
2306,127,2324,"22","26","",""
2307,127,2325,"24","29","",""
2308,127,2326,"20","29","",""
2309,127,2327,"25","29","",""
2310,127,2328,"24","29","",""
2311,113,2329,"1","2","",""
2312,113,2330,"2","5","",""
2313,113,2331,"3","6","",""
2314,113,2332,"5","9","",""
2315,113,2333,"8","13","",""
2316,113,2334,"5","9","",""
2317,113,2335,"16","25","",""
2318,113,2336,"14","18","",""
2319,113,2337,"10","15","",""
2320,113,2338,"16","19","",""
2321,113,2339,"12","15","",""
2322,113,2340,"13","17","",""
2323,113,2341,"18","23","",""
2324,113,2342,"19","22","",""
2342,168,2360,"1","2","",""
2343,168,2361,"2","4","",""
2344,168,2362,"4","10","",""
2345,168,2363,"18","30","",""
2346,168,2364,"11","17","",""
2347,168,2365,"20","28","",""
2348,168,2366,"6","11","",""
2349,30,2367,"1","4","",""
2350,30,2368,"2","7","",""
2351,30,2369,"3","9","",""
2352,30,2370,"5","11","",""
2353,30,2371,"6","15","",""
2354,30,2372,"9","18","",""
2355,30,2373,"11","17","",""
2356,30,2374,"13","18","",""
2357,30,2375,"13","18","",""
2358,30,2376,"17","20","",""
2359,30,2377,"20","20","",""
2360,30,2378,"16","20","",""
2361,30,2379,"16","20","",""
2362,30,2380,"16","20","",""
2363,30,2381,"16","20","",""
2364,30,2382,"16","20","",""
2474,155,2487,"1","7","",""
2475,155,2488,"1","7","",""
2476,155,2489,"1","7","",""
2477,155,2490,"2","9","",""
2478,155,2491,"9","16","",""
2479,155,2492,"3","10","",""
2480,155,2493,"7","14","",""
2481,155,2494,"9","16","",""
2482,155,2495,"9","16","",""
2483,155,2496,"9","16","",""
2484,155,2497,"9","15","",""
2485,155,2498,"9","16","",""
2486,155,2499,"9","16","",""
2487,173,2500,"1","1","",""
2488,173,2501,"1","2","",""
2380,169,2398,"1","1","",""
2381,169,2399,"1","1","",""
2382,169,2400,"1","3","",""
2383,169,2401,"2","4","",""
2384,169,2402,"3","6","",""
2385,169,2403,"7","12","",""
2386,169,2404,"5","12","",""
2387,169,2405,"13","20","",""
2388,169,2406,"14","17","",""
2389,169,2407,"18","20","",""
2390,169,2408,"19","21","",""
2391,169,2409,"14","22","",""
2392,169,2410,"23","25","",""
2393,169,2411,"26","30","",""
2394,169,2412,"27","30","",""
2395,140,2413,"1","3","",""
2396,140,2414,"30","48","",""
2397,140,2415,"30","48","",""
2398,140,2416,"5","25","",""
2399,140,2416,"35","48","",""
2400,140,2417,"30","43","",""
2401,140,2418,"25","30","",""
2402,140,2419,"21","30","",""
2403,140,2419,"38","48","",""
2404,140,2420,"2","10","",""
2405,140,2421,"3","30","",""
2406,140,2422,"12","26","",""
2407,140,2422,"30","48","",""
2408,140,2423,"30","41","",""
2409,140,2424,"30","48","",""
2410,140,2425,"30","48","",""
2411,140,2426,"38","48","",""
2489,173,2502,"1","4","",""
2490,173,2503,"2","5","",""
2491,173,2504,"3","7","",""
2492,173,2505,"2","11","",""
2493,173,2506,"4","12","",""
2494,173,2507,"5","10","",""
2495,173,2508,"7","11","",""
2496,173,2509,"12","15","",""
2497,173,2510,"14","20","",""
2498,173,2511,"14","20","",""
